Id,text
CN_T_01,பாலின அடையாளம் மற்றும் ஈர்ப்பு என்பது ஒவ்வொரு மனிதனின் தனிப்பட்ட உரிமை. வன்முறை என்பது சட்டப்படி குற்றம், ஆனால் ஒருவரின் அடையாளத்திற்காக அவர்களைக் காயப்படுத்துவது ஆரோக்கியமான சமுதாயத்திற்கு அழகல்ல.
CN_T_02,மனித உறவுகள் அன்பின் அடிப்படையில் அமைந்தவை. ஒருவரின் தனிப்பட்ட அடையாளத்தை மதிப்பதன் மூலம் நாம் சமுதாயத்தில் பிளவுகளைக் குறைத்து, அனைவரும் சமமாக வாழும் சூழலை உருவாக்க முடியும்.
CN_T_03,மாற்று கருத்துக்கள் இருந்தாலும், மற்றவர்களை அச்சுறுத்தும் வகையில் பேசுவதைத் தவிர்ப்போம். அனைத்து மனிதர்களும் கண்ணியத்துடன் நடத்தப்பட வேண்டியவர்கள் என்ற அடிப்படையில் நாம் உரையாட வேண்டும்.
CN_T_04,வன்முறையைத் தூண்டுவது எதற்கும் தீர்வாகாது. சக மனிதர்களின் உணர்வுகளையும் உரிமைகளையும் புரிந்து கொள்ள முயற்சிப்பதே ஒரு முற்போக்கான சமூகத்திற்கு வழிவகுக்கும்.
CN_T_05,பாலின அடையாளங்கள் குறித்த புரிதல் இன்று உலகளவில் விரிவடைந்துள்ளது. ஒவ்வொருவரும் தங்களுக்குப் பிடித்தமான முறையில் வாழ்வது அவர்களின் அடிப்படை உரிமை, அதை நாம் மதிக்கக் கற்றுக்கொள்ள வேண்டும்.
CN_T_06,இயற்கை என்பது நாம் நினைப்பதை விட மிக விரிவானது மற்றும் பன்முகத்தன்மை கொண்டது. மாற்று பாலினத்தவர்களையும் அவர்களின் உணர்வுகளையும் ஏற்றுக்கொள்வது சமுதாயத்தின் முதிர்ச்சியைக் காட்டுகிறது.
CN_T_07,ஒவ்வொரு மனிதப் பிறப்பும் தனித்துவமானது மற்றும் மதிப்பிற்குரியது. பிறப்பு மற்றும் வாழ்வு குறித்த வெவ்வேறு பார்வைகளை நாம் கண்ணியத்துடன் விவாதிப்பதே சிறந்தது.
CN_T_08,அனைத்து மனிதர்களையும் மரியாதையான சொற்களால் அழைப்பது நமது பண்பாடு. சக மனிதர்களை அவர்கள் அடையாளத்திற்காகத் தரம் தாழ்த்தாமல் நடத்துவது நல்லறம்.
CN_T_09,திருநங்கைகளும் நம் சமூகத்தின் ஒரு அங்கமே. அவர்களுக்குத் தேவையான அங்கீகாரத்தையும் வாய்ப்புகளையும் வழங்குவதன் மூலம் அவர்கள் கண்ணியமான வாழ்க்கையை வாழ நாம் உதவலாம்.
CN_T_10,சமூக மாற்றங்களை விமர்சிப்பதை விட, சக மனிதர்களின் வலிகளையும் போராட்டங்களையும் புரிந்து கொள்ள முயற்சிப்பது ஒரு நல்ல குடிமகனின் கடமையாகும்.
CN_T_11,அன்பும் ஈர்ப்பும் மனித இயல்பின் பல்வேறு பரிமாணங்கள். அறிவியல் ரீதியாக இவை இயற்கையான மாறுபாடுகளே தவிர, ஆபத்தானவை அல்ல என்பதைப் புரிந்து கொள்வது அவசியம்.
CN_T_12,உச்சநீதிமன்றத் தீர்ப்புகள் தனிமனித உரிமைகளைப் பாதுகாப்பதற்கே வழங்கப்படுகின்றன. ஒருவரின் தனிப்பட்ட வாழ்க்கை முறையை மற்றவர்கள் கேலி செய்யாமல் மதிப்பதே நாகரீகம்.
CN_T_13,பாலின ஈர்ப்பு என்பது மனிதர்களுக்கிடையிலான பரஸ்பர விருப்பம் மற்றும் உணர்வு சார்ந்தது. இதை மற்ற உயிரினங்களுடன் ஒப்பிடுவது தவறான புரிதல், மனித உரிமைகளை மதித்து நடப்போம்.
CN_T_14,ஒவ்வொரு உயிருக்கும் வாழும் உரிமை உண்டு. வெறுப்புணர்வைக் கைவிட்டு, சக மனிதர்களை மனிதர்களாகப் பார்க்கும் பக்குவத்தை நாம் வளர்த்துக் கொள்ள வேண்டும்.
CN_T_15,அறிவியல் பூர்வமாகப் பாலின அடையாளம் என்பது வெறும் குரோமோசோம்கள் சார்ந்தது மட்டுமல்ல, அது மன உணர்வு சார்ந்ததுமாகும். திருநங்கைகளைத் தடுத்து நிறுத்தாமல், அவர்களைச் சமூகத்தின் முக்கிய நீரோட்டத்தில் இணைப்பதே முறை.
CN_T_16,ஒவ்வொருவருக்கும் தங்களுக்குப் பிடித்தமான முறையில் ஆடை அணியவும் வாழவும் உரிமை உண்டு. மற்றவர்களின் தோற்றத்தைக் கேலி செய்யாமல் அவர்களின் உணர்வுகளுக்கு மதிப்பளிப்போம்.
CN_T_17,சட்டம் என்பது காலத்திற்கேற்ப மாறும் தன்மை கொண்டது. தனிமனித சுதந்திரத்தைப் பாதுகாக்கும் சட்ட மாற்றங்களை நாம் ஆரோக்கியமான விவாதங்கள் மூலம் அணுக வேண்டும்.
CN_T_18,பாலின அடையாளம் என்பது பிறப்பால் மட்டும் தீர்மானிக்கப்படுவதில்லை, அது ஒருவரின் உள்ளுணர்வையும் பொறுத்தது. அந்த உணர்வை மதித்து அவர்களை ஏற்றுக்கொள்வதே உண்மையான மனிதநேயம்.
CN_T_19,அன்பு மற்றும் மனித அடையாளங்களை அசிங்கம் என்று பார்க்காமல், பன்முகத்தன்மையாகப் பார்ப்போம். சக மனிதர்களை நேசிப்பதே சிறந்த பண்பு.
CN_T_20,உடல் மற்றும் உணர்வு ரீதியான ஈர்ப்பு என்பது தனிநபர்களின் விருப்பம் சார்ந்தது. மற்றவர்களின் வாழ்க்கையைத் தீர்மானிக்காமல், அனைவரும் மகிழ்ச்சியாக வாழும் சூழலை உருவாக்குவோம்.
CN_T_21,நீதிமன்றங்கள் அனைவருக்குமான சமத்துவத்தை உறுதி செய்கின்றன. யாரையும் அவர்களின் அடையாளத்திற்காக இழிவுபடுத்தாமல் பேசுவது சமூக நல்லிணக்கத்திற்கு உதவும்.
CN_T_22,சில தனிநபர்களின் செயல்களை வைத்து ஒரு ஒட்டுமொத்த சமூகத்தையே தவறாகச் சித்தரிப்பது சரியல்ல. அனைவருக்கும் சமமான கல்வி மற்றும் வேலைவாய்ப்பு கிடைத்தால் இத்தகைய சூழல் மாறும்.
CN_T_23,இயற்கையில் பல உயிரினங்களிடம் ஓரின ஈர்ப்பு காணப்படுவதாக ஆய்வுகள் கூறுகின்றன. மனிதர்களிடம் காணப்படும் இத்தகைய மாறுபாடுகளை இயற்கையின் ஒரு பகுதியாக ஏற்றுக்கொள்வதே அறிவியல் பார்வை.
CN_T_24,ஒருவரின் பாலினத்தை விட அவர்களின் குணமும் செயலுமே முக்கியம். சக மனிதர்களைத் தேவையற்ற கேள்விகளால் சங்கடப்படுத்தாமல் மரியாதையுடன் நடத்துவோம்.
CN_T_25,இறைவனின் படைப்பில் ஒவ்வொரு உயிரும் ஒரு நோக்கம் கொண்டது. மனிதர்களின் பன்முகத்தன்மையை வியப்புடன் பார்த்து, அனைவரையும் அரவணைத்துச் செல்வோம்.
CN_T_26,சமூக மாற்றங்கள் எப்போதும் புதிய தேடல்களை உருவாக்கும். மாற்றுப் பாலினத்தவர்களை ஒரு குறையாகப் பார்க்காமல், மனித இனத்தின் ஒரு அங்கமாகப் பார்ப்பது அவசியம்.
CN_E_27,மாற்று கருத்துக்களைப் பதிவு செய்யும் போது கண்ணியமான சொற்களைப் பயன்படுத்துவோம். மற்றவர்களை இழிவுபடுத்துவது நமது கருத்துக்களின் மதிப்பைக் குறைத்துவிடும்.
CN_T_28,பல மதங்கள் அன்பையும் கருணையையும் போதிக்கின்றன. சக மனிதர்களை அவர்களின் அடையாளத்திற்காகத் தண்டிக்காமல், அன்பால் அரவணைப்பதே அறம்.
CN_T_29,பாலின ஈர்ப்பு என்பது ஒரு நோயோ அல்லது பாவமோ அல்ல, அது ஒரு இயற்கை நிலை. அறிவியல் மற்றும் மருத்துவ ரீதியாக இதை ஏற்றுக்கொண்டுள்ள நிலையில், நாம் அவர்களுக்கு ஆதரவாக இருப்போம்.
CN_T_30,யாரையும் சமூகத்திலிருந்து ஒதுக்கி வைப்பது தீர்வாகாது. அனைவரும் சமமான உரிமைகளுடன் வாழும் நாடே முன்னேறிய நாடாகக் கருதப்படும்.
CN_T_31,மற்றவர்களைக் காயப்படுத்தும் சொற்களைத் தவிர்த்து, பண்பான முறையில் உரையாடுவோம். சக மனிதர்களின் கௌரவத்தைப் பாதுகாப்பது நமது கடமை.
CN_T_32,உடல்நிலை மற்றும் தோற்றத்தை வைத்து ஒருவரைக் கேலி செய்வது முறையல்ல. நோய்களுக்கும் பாலின அடையாளத்திற்கும் தொடர்பு கற்பிக்காமல் உண்மைகளைத் தெரிந்து கொள்வோம்.
CN_T_33,ஒவ்வொரு கலாச்சாரமும் காலத்திற்கேற்ப மாற்றம் அடைகிறது. மற்ற நாடுகளின் நடைமுறைகளை விட, மனித உரிமைகளைப் பாதுகாப்பதே மிக முக்கியமான விஷயம்.
CN_T_34,அருவருப்பு என்பது நமது பார்வையில் உள்ளது. சக மனிதர்களின் உணர்வுகளைப் புரிந்து கொள்ள முயற்சித்தால், அங்கே அன்பும் மரியாதையும் மட்டுமே மிஞ்சும்.
CN_T_35,வறுமையும் பிச்சையெடுக்கும் நிலையும் சமூகச் சூழலால் ஏற்படுபவை. அவர்களுக்குத் தகுந்த வேலைவாய்ப்பும் அங்கீகாரமும் கிடைத்தால் அவர்களும் கண்ணியமாக வாழ்வார்கள்.
CN_T_36,யாரையும் தவறாகச் சித்தரிப்பதைத் தவிர்த்து, அவர்களுக்குத் தேவையான உரிமைகளைப் பெற்றுத் தர உதவுவோம். சமூகப் பாதுகாப்பை உறுதி செய்ய அனைவரும் இணைந்து செயல்படுவோம்.
CN_T_37,மற்றவர்களை அச்சுறுத்தும் வகையில் பேசுவது சரியல்ல. அனைவரின் பாதுகாப்பையும் உரிமையையும் மதிக்கும் சமூகமாக நாம் மாற வேண்டும்.
CN_T_38,இயற்கை என்பது நாம் காணும் ஒரு சிறிய வட்டம் மட்டுமல்ல, அது மிகவும் பிரம்மாண்டமானது. பலதரப்பட்ட மனிதர்களையும் அவர்களின் விருப்பங்களையும் ஏற்றுக்கொள்வதே மனிதப்பண்பு.
CN_T_39,உறவுகளின் புனிதத்தை மதிக்கும் அதே வேளையில், தனிமனித உரிமைகளையும் நாம் மதிக்க வேண்டும். எவரையும் இழிவுபடுத்தாமல் கருத்துக்களைப் பகிர்வோம்.
CN_T_40,வெறுப்பைப் பரப்புவது சமூகத்திற்குத் தீங்கானது. அன்பையும் புரிதலையும் வளர்த்து, அனைவரும் அச்சமின்றி வாழும் சூழலை உருவாக்குவோம்.
CN_T_41,ஒவ்வொரு மனிதனுக்கும் தன் துணையைத் தேர்ந்தெடுக்கும் உரிமை உண்டு. சமுதாயம் என்பது அனைத்து வகையான மனிதர்களையும் உள்ளடக்கியது என்பதை மறக்க வேண்டாம்.
CN_T_42,இன்பம் மற்றும் மகிழ்ச்சி என்பது அவரவர் உணர்வு சார்ந்தது. மற்றவர்களின் அந்தரங்க வாழ்க்கையில் தலையிடாமல், அவர்களின் மகிழ்ச்சியை மதிப்போம்.
CN_T_43,மற்றவர்கள் மீது கல்லெறியும் முன் நமது குறைகளை எண்ணிப் பார்ப்போம். இயேசுவின் போதனைகளின்படி அன்பும் மன்னிப்பும் மட்டுமே உலகை மாற்றும்.
CN_T_44,அறிவியல் என்பது முன்னேறி வருகிறது. மனித மூளை மற்றும் ஹார்மோன்களின் செயல்பாடுகள் சிக்கலானவை, அவற்றை வெறும் ஐந்தறிவுடன் ஒப்பிடுவது சரியானதல்ல.
CN_T_45,அரசு வழங்கும் சலுகைகள் அவர்களுக்குக் கிடைப்பது அவர்களின் உரிமை. அதே சமயம் அவர்களைத் தொழில்துறையிலும் பொதுப்பணிகளிலும் அதிகம் ஈடுபடுத்த நாம் ஊக்கமளிக்க வேண்டும்.
CN_T_46,யாரையும் அவர்கள் அடையாளத்தை வைத்து நையாண்டி செய்ய வேண்டாம். சக மனிதர்களை மனிதர்களாகப் பார்ப்பதே சிறந்தது.
CN_T_47,அவர்கள் எதிர்கொள்ளும் போராட்டங்களை நாம் உணர்ந்தால் அவர்கள் மீது பரிதாபமும் அன்பும் மட்டுமே வரும். அவர்களுக்குத் தகுந்த வாய்ப்புகளை வழங்கி அவர்களை உயர்த்துவோம்.
CN_T_48,இயற்கை சீற்றங்களுக்கும் மனிதர்களின் தனிப்பட்ட வாழ்க்கை முறைக்கும் தொடர்பு இல்லை. நீதி என்பது அனைவருக்குமான சமத்துவத்தைப் பாதுகாப்பதற்கே உள்ளது.
CN_T_49,அவர்களை மனிதர்களாக ஏற்றுக்கொண்டதற்கு நன்றி. அவர்களின் உணர்வுகளைப் பாவம் என்று கருதாமல், இயற்கையின் ஒரு மாறுபாடாகப் புரிந்துகொள்ள முயற்சிப்போம்.
CN_T_50,நாட்டின் வளர்ச்சி என்பது அதன் மக்கள் எவ்வளவு சுதந்திரமாகவும் மகிழ்ச்சியாகவும் இருக்கிறார்கள் என்பதைப் பொறுத்தது. அனைவரையும் உள்ளடக்கிய வளர்ச்சியே சிறந்தது.
CN_T_51,மனக்கோளாறு என்று சொல்வதற்குப் பதில், இது ஒரு இயற்கை நிலை என்று புரிந்து கொள்வோம். சமுதாயம் அவர்களை ஏற்றுக்கொள்ளும் போது அவர்கள் இன்னும் மகிழ்ச்சியாக வாழ்வார்கள்.
CN_T_52,மக்கள் தொகைக்கும் ஓரின ஈர்ப்பிற்கும் பெரிய தொடர்பு இல்லை. அவர்கள் முதுமையில் தனிமையில் வாடாமல் இருக்க, இப்போதே அவர்களைச் சமூகம் அரவணைக்க வேண்டும்.
CN_T_53,நோய்கள் என்பது யாரையும் தாக்கலாம், அது ஒரு குறிப்பிட்ட சமூகத்திற்கு மட்டும் உரியதல்ல. சுகாதார விழிப்புணர்வும் பாதுகாப்பும் அனைவருக்கும் அவசியமானது.
CN_T_54,கோபத்தை விடுத்து அன்பால் உரையாடுவோம். சக மனிதர்களை அவர்கள் அடையாளத்திற்காகத் துன்புறுத்தாமல் இருப்பது மிக முக்கியம்.
CN_T_55,ஒவ்வொருவருக்கும் கருத்துச் சொல்ல உரிமை உண்டு. மாற்றுத் திறனாளிகள் மற்றும் மாற்றுப் பாலினத்தவர்களை மதித்து நடப்பதே நாகரீகமான சமூகத்தின் அடையாளம்.
CN_T_56,தவறு செய்த தனிநபர்களுக்காக ஒரு ஒட்டுமொத்த சமூகத்தையே குற்றம் சாட்டக்கூடாது. சட்டப்படி அவர்களுக்குத் தண்டனை கிடைக்கட்டும், ஆனால் அவர்களின் அடையாளத்தைப் பழிப்பதைத் தவிர்ப்போம்.
CN_T_57,சம உரிமை வழங்க வேண்டும் என்ற உங்கள் கருத்தை வரவேற்கிறேன். ஓரின ஈர்ப்பு என்பதும் மனித உணர்வுகளின் ஒரு பகுதிதான் என்பதை நாம் மெதுவாகப் புரிந்து கொள்வோம்.
CN_T_58,உறவுகள் என்பது வெறும் உடல் சார்ந்தது மட்டுமல்ல, அது மனம் சார்ந்தது. அன்பிற்கும் புரிதலுக்கும் பாலினம் ஒரு தடையல்ல என்பதை உலகம் உணர்ந்து வருகிறது.
CN_T_59,அனைத்து மனிதர்களிடமும் நற்பண்புகளும் இருக்கும், சில குறைகளும் இருக்கும். அவர்களை மரியாதையுடன் நடத்துவதன் மூலம் இத்தகைய கசப்பான அனுபவங்களைத் தவிர்க்கலாம்.
CN_T_60,மற்றவர்களின் குடும்பத்தாரைப் பற்றித் தவறாகப் பேசுவதைத் தவிர்ப்போம். நீதி என்பது அனைவருக்கும் சமமான உரிமையை வழங்குவதற்காகவே செயல்படுகிறது.
CN_T_61,அவர்களைச் சமூகத்தின் முக்கியப் பகுதிகளில் ஈடுபடுத்த வேண்டும். கட்டாயத்தின் பெயரில் யாரும் மாறுவதில்லை, அது ஒருவரின் உள்ளார்ந்த அடையாளம் என்பதை உணர்வோம்.
CN_T_62,வெறுப்பைக் காட்டிலும் அன்பே வலிமையானது. சக மனிதர்களை வாழ விடுவதுதான் உண்மையான மனிதாபிமானம்.
CN_T_63,வாழ்க்கை என்பது அனைவருக்குமானது. மற்றவர்களின் உணர்வுகளை மதித்து நடப்பதன் மூலம் நாம் ஒரு சிறந்த உலகத்தை உருவாக்க முடியும்.
CN_T_64,பிறப்பை இழிவுபடுத்திப் பேச வேண்டாம். ஒவ்வொரு குழந்தையும் அன்பின் அடையாளமே, அவர்களைப் பாதுகாப்பதும் வழிநடத்துவதும் நம் கடமை.
CN_T_65,கண்ணியமான முறையில் கருத்துக்களைப் பரிமாறுவோம். எவரையும் தரம் தாழ்த்திப் பேசுவது நமது நற்பண்புகளுக்கு அழகல்ல.
CN_T_66,மனிதநேயம் என்பது அனைவரையும் சமமாகப் பார்ப்பது. ஒருவரின் அடையாளத்திற்காக அவர்களை வெறுக்காமல் அன்புடன் நடத்துவோம்.
CN_T_67,எய்ட்ஸ் போன்ற நோய்கள் யாருக்கும் வரலாம், அதை ஒரு சமூகத்துடன் மட்டும் இணைப்பது தவறு. பிரார்த்தனைகள் அன்பிற்காக இருக்கட்டும், வெறுப்பிற்காக அல்ல.
CN_T_68,சட்டங்கள் தனிமனித சுதந்திரத்தை உறுதி செய்யவே இயற்றப்படுகின்றன. ஒருவரின் விருப்பத்தால் மற்றவர் பாதிக்கப்படுவதில்லை என்பதை உணர்ந்து விவாதிப்போம்.
CN_T_69,புரியாத விஷயங்களைத் தெரிந்து கொள்ள முயற்சிப்போம். அறிவார்ந்த விவாதங்கள் சமூகத்தை மேம்படுத்தும்.
CN_T_70,வன்முறையைத் தூண்டும் பேச்சுகளைத் தவிர்ப்போம். சமுதாயத்தில் அமைதியும் ஒற்றுமையும் நிலவ அனைவரும் ஒத்துழைக்க வேண்டும்.
CN_T_71,குழந்தைகளைப் பாதுகாப்பது நமது கடமை, ஆனால் அதை மற்றவர்களை வெறுப்பதன் மூலம் செய்யக்கூடாது. விழிப்புணர்வும் அன்பும் கலந்த கல்வியே சிறந்தது.
CN_T_72,யாரையும் கொல்ல வேண்டும் என்று பேசுவது சட்டவிரோதமானது. அவர்களுக்குச் சரியான வேலைவாய்ப்பை உருவாக்கித் தருவதே சிறந்த தீர்வாகும்.
CN_T_73,தற்பால் ஈர்ப்பு என்பது உணர்வு சார்ந்தது என்ற உங்கள் கருத்தை வரவேற்கிறேன். சமூகம் மெதுவாக இந்த உண்மையை ஏற்றுக்கொண்டு வருகிறது, பொறுமை அவசியம்.
CN_T_74,ஒவ்வொரு மனித உயிரும் விலைமதிப்பற்றது. வெறுப்பை விதைக்காமல், புரிதலை வளர்த்துக் கொள்வோம்.
CN_T_75,பாலினம் என்பது ஒருவரின் வெளித்தோற்றம் மட்டுமல்ல. ஒருவரை மனிதராக மதித்து முதலில் பழக முயற்சிப்போம்.
CN_T_76,வன்முறை எதற்கும் தீர்வாகாது. சக மனிதர்களைத் துன்புறுத்தாமல் மரியாதையுடன் நடத்துவதே மேன்மையான குணம்.
CN_T_77,இயற்கையில் பல உயிரினங்களிடம் ஓரின ஈர்ப்பு காணப்படுவதாக ஆய்வுகள் உறுதி செய்துள்ளன. மனிதர்களும் இயற்கையின் ஒரு பகுதிதான் என்பதை மறக்க வேண்டாம்.
CN_T_78,நோய்கள் ஒரு குறிப்பிட்ட மக்களை மட்டும் தண்டிப்பதில்லை. அனைவரும் நலமாக இருக்கவும், அன்புடன் பழகவும் முயற்சிப்போம்.
CN_T_79,அன்பு என்பது பரஸ்பர மரியாதையையும் சம்மதத்தையும் அடிப்படையாகக் கொண்டது. சட்டப்பூர்வமான மற்றும் ஆரோக்கியமான உறவுகளைச் சமூகம் மதிக்க வேண்டும்.
CN_T_80,யாரையும் கொல்லத் தூண்டுவது தவறு. மாற்றுப் பாலினத்தவர்களையும் கண்ணியத்துடன் நடத்த நாம் பழக வேண்டும்.
CN_T_81,மதப் போதனைகள் அனைத்தும் அன்பையே வலியுறுத்துகின்றன. மற்றவர்களைப் பார்த்து அஞ்சாமல், அவர்களைப் புரிந்து கொள்ள முயற்சிப்போம்.
CN_T_82,ஒளிவுமறைவற்ற உரையாடல்களே சமூக மாற்றத்திற்கு வித்திடும். இளைய தலைமுறைக்குச் சரியான புரிதலையும் அன்பையும் கற்றுத் தருவோம்.
CN_T_83,பாலின அடையாளத்தை வைத்து ஒருவரை ஏமாற்றுக்காரர் என்று சொல்வது தவறு. அவர்கள் கண்ணியமான வேலை செய்யச் சமூகம் வழிவகை செய்ய வேண்டும்.
CN_T_84,உணர்வுகளைப் பற்றிப் பேசுவது அசிங்கமல்ல. தெளிவான உரையாடல்கள் மட்டுமே சமூகத்திலுள்ள அறியாமையைப் போக்கும்.
CN_T_85,உறவுகள் மனப்பூர்வமான அன்பினால் பிணைக்கப்பட்டவை. எவரையும் இழிவுபடுத்தாமல் அவர்களின் உணர்வுகளுக்கு மதிப்பளிப்போம்.
CN_T_86,அவர்கள் எதிர்கொள்ளும் சிக்கல்களைத் தீர்க்க நாம் உதவ வேண்டும். வெறுப்பினால் எந்த நன்மையும் விளையப் போவதில்லை.
CN_T_87,வன்முறை என்பது மனிதநேயத்திற்கு எதிரானது. அனைவரும் பாதுகாப்புடன் வாழும் சூழலை உருவாக்குவதே ஒரு நாகரீக சமூகத்தின் கடமை.
CN_T_88,யாரையும் துன்புறுத்துவது தீர்வாகாது. மாற்றுப் பாலினத்தவர்களுக்குச் சமூகத்தில் உரிய இடத்தைக் கொடுக்க முன்வருவோம்.
CN_T_89,இந்த நாடு அனைவருக்குமானது. எவரையும் வெளியேறச் சொல்லும் உரிமை யாருக்கும் இல்லை, அனைவரும் இணைந்து வாழ்வோம்.
CN_T_90,தனிமனித உரிமைகளைப் பாதுகாப்பதே ஒரு நல்ல சட்டத்தின் நோக்கம். முன்னேறிய சமூகங்கள் அனைவரையும் சமமாகவே நடத்துகின்றன.
CN_T_91,சுதந்திரம் என்பது பொறுப்புணர்வு சார்ந்தது. அனைவரின் உரிமைகளையும் மதிக்கும் போது சமுதாயம் சீர்குலையாது, மாறாக இன்னும் பலமாகும்.
CN_T_92,அடுத்த தலைமுறை இன்னும் அதிக அன்பும் புரிதலும் கொண்டதாக வளரும். அழிவு என்பது வெறுப்பில் தான் உள்ளது, அன்பில் அல்ல.
CN_T_93,குடும்ப உறுப்பினர்களைப் பற்றித் தவறாகப் பேசுவதைத் தவிர்ப்போம். ஒவ்வொரு மனிதரும் மதிக்கப்பட வேண்டியவர்களே.
CN_T_94,வாழ்வு என்பது வாரிசு உருவாக்குவது மட்டுமல்ல, அது பிறருக்கு உதவி செய்து அன்புடன் வாழ்வதுமாகும். அனைவரும் தங்கள் விருப்பப்படி வாழும் உரிமையை மதிப்போம்.
CN_T_95,ஒவ்வொரு உயிரும் தன் விருப்பப்படி வாழ இயற்கையில் உரிமை உண்டு. பிறரை இழிவுபடுத்தாமல் நமது கருத்துக்களைப் பதிவு செய்வோம்.
CN_T_96,கலாச்சாரம் என்பது காலத்திற்கேற்ப விரிவடைய வேண்டும். அனைவரையும் உள்ளடக்கிய கலாச்சாரமே என்றும் அழியாமல் நிலைத்து நிற்கும்.
CN_T_97,ஆள் கடத்தல் மற்றும் சுரண்டல் சட்டப்படி குற்றம். அத்தகைய செயல்களில் ஈடுபடுபவர்கள் மீது நடவடிக்கை எடுப்பதே முறை, அதற்காக ஒரு சமூகத்தையே பழிப்பது சரியல்ல.
CN_T_98,மதங்கள் கால மாற்றத்தைப் புரிந்துகொண்டு அன்பை வழங்க வேண்டும். சக மனிதர்களை நேசிப்பதே அனைத்து போதனைகளின் சாராம்சம்.
CN_T_99,எவரையும் சாபமாகப் பார்க்காமல், சமூகத்தின் ஒரு அங்கமாகப் பார்ப்போம். அனைவரும் முன்னேறச் சமமான வாய்ப்புகள் தேவை.
CN_T_100,பாதுகாப்பு என்பது விழிப்புணர்வால் கிடைப்பது. மற்றவர்களைச் சந்தேகக் கண்ணோடு பார்க்காமல், குழந்தைகளுக்குச் சரியான கல்வியை வழங்குவோம்.
CN_T_101,பகுத்தறிவு என்பது அனைவரையும் சமமாகப் பார்ப்பதே. ஒருவரின் உரிமைகளை மதிப்பதே உண்மையான அறிவு.
CN_T_102,இயற்கை பன்முகத்தன்மை கொண்டது. மனிதர்கள் அந்தப் பன்முகத்தன்மையை ஏற்றுக்கொண்டு வாழ்வதே மேன்மையானது.
CN_T_103,தனிமனித மகிழ்ச்சி மற்றவரைப் பாதிக்காத வரை அது வரவேற்கத்தக்கது. அன்பைப் பரப்புவது ஒருபோதும் கேவலமான செயல் அல்ல.
CN_T_104,நீதிபதிகள் சட்டத்தையும் மனித உரிமைகளையும் அடிப்படையாகக் கொண்டே தீர்ப்பு வழங்குகின்றனர். அத்தீர்ப்புகளைச் சரியான புரிதலுடன் அணுகுவோம்.
CN_T_105,இறைவனின் படைப்பு நாம் நினைப்பதை விட மிக ஆழமானது. காதலும் அன்பும் எந்த வடிவிலும் புனிதமானதே.
CN_T_106,மனித இனம் அன்பினால் மட்டுமே நிலைத்து நிற்கும். ஒருவரையொருவர் புரிந்து கொள்ளத் தொடங்கும் போது உலகம் இன்னும் அழகாகும்.
CN_T_107,அவர்கள் காலங்காலமாக நம்மிடையே வாழ்ந்து வருகிறார்கள். அவர்களைத் தனிமைப்படுத்தாமல் நம்முடன் இணைத்துக்கொள்வோம்.
CN_T_108,மாற்றுப் பாலினத்தவர்களும் மனித இனத்தின் ஒரு பகுதியே. அவர்களுக்கு எதிரான சிந்தனைகளைத் தவிர்த்து மனிதாபிமானத்தைப் போற்றுவோம்.
CN_T_109,விவாதங்கள் ஆரோக்கியமாக இருக்கட்டும். சக மனிதர்களின் உணர்வுகளைப் புரிந்து கொள்ள முன்வந்ததற்கு நன்றி, தொடர்ந்து உரையாடுவோம்.